arquivo,densidade,m,n,status,custo,nos_explorados,nos_podados,memoria_mb,tempo_s
rand_d0.1_m100_n75_s60.txt,0.1,100,75,OPTIMAL,15,15539506,14370887,692.12,1018.595676
rand_d0.1_m100_n75_s61.txt,0.1,100,75,OPTIMAL,14,2106333,145506,692.12,165.899673
rand_d0.1_m100_n75_s62.txt,0.1,100,75,OPTIMAL,15,3389060,3268172,692.12,213.598204
rand_d0.1_m100_n75_s63.txt,0.1,100,75,OPTIMAL,15,4720162,506331,1292.55,325.006047
rand_d0.1_m100_n75_s64.txt,0.1,100,75,OPTIMAL,13,16774,16706,1292.55,1.534455
rand_d0.1_m100_n75_s65.txt,0.1,100,75,OPTIMAL,15,4974662,4199452,1292.55,396.505774
rand_d0.1_m100_n75_s66.txt,0.1,100,75,OPTIMAL,14,8868428,3231298,1730.47,694.322089
rand_d0.1_m100_n75_s67.txt,0.1,100,75,OPTIMAL,13,1003397,357006,1730.47,74.632029
rand_d0.1_m100_n75_s68.txt,0.1,100,75,OPTIMAL,14,4237546,3909867,1730.47,255.42677
rand_d0.1_m100_n75_s69.txt,0.1,100,75,TIMEOUT,18,22615730,3514109,5119.44,2370.129618
rand_d0.1_m100_n75_s70.txt,0.1,100,75,OPTIMAL,13,3738420,1685357,5119.44,251.100372
rand_d0.1_m100_n75_s71.txt,0.1,100,75,OPTIMAL,14,1602616,638176,5119.44,137.139266
rand_d0.1_m100_n75_s72.txt,0.1,100,75,OPTIMAL,14,158792,158192,5119.44,13.937296
rand_d0.1_m100_n75_s73.txt,0.1,100,75,OPTIMAL,14,2943678,755880,5119.44,208.390272
rand_d0.1_m100_n75_s74.txt,0.1,100,75,OPTIMAL,16,189239,66561,5119.44,14.187093
rand_d0.1_m100_n75_s75.txt,0.1,100,75,OPTIMAL,13,9534029,2278007,5119.44,645.59068
rand_d0.1_m100_n75_s76.txt,0.1,100,75,OPTIMAL,16,11469241,2425807,5119.44,898.870589
rand_d0.1_m100_n75_s77.txt,0.1,100,75,TIMEOUT,15,31369085,26851893,5119.44,1803.017178
rand_d0.1_m100_n75_s78.txt,0.1,100,75,OPTIMAL,15,13996978,4371824,5119.44,973.798062
rand_d0.1_m100_n75_s79.txt,0.1,100,75,OPTIMAL,14,228295,221918,5119.44,14.499104
rand_d0.1_m125_n75_s80.txt,0.1,125,75,TIMEOUT,17,23374228,16569665,5119.44,1804.324085
rand_d0.1_m125_n75_s81.txt,0.1,125,75,TIMEOUT,16,26507904,16887726,5119.44,1805.752608
rand_d0.1_m125_n75_s82.txt,0.1,125,75,OPTIMAL,14,499550,31551,5119.44,34.027579
rand_d0.1_m125_n75_s83.txt,0.1,125,75,TIMEOUT,19,24289473,5918392,5238.59,2315.116664
rand_d0.1_m125_n75_s84.txt,0.1,125,75,OPTIMAL,14,5793514,5495350,5238.59,339.682773
rand_d0.1_m125_n75_s85.txt,0.1,125,75,OPTIMAL,16,1760125,1293900,5238.59,164.963267
rand_d0.1_m125_n75_s86.txt,0.1,125,75,OPTIMAL,16,4228461,1495134,5238.59,344.684395
rand_d0.1_m125_n75_s87.txt,0.1,125,75,OPTIMAL,16,3738310,1273944,5238.59,313.366726
rand_d0.1_m125_n75_s88.txt,0.1,125,75,OPTIMAL,13,824496,254759,5238.59,57.503983
rand_d0.1_m125_n75_s89.txt,0.1,125,75,TIMEOUT,18,24390219,4095956,5084.67,3183.18036
rand_d0.1_m125_n75_s90.txt,0.1,125,75,TIMEOUT,16,26569852,23854875,5084.67,1802.153494
rand_d0.1_m125_n75_s91.txt,0.1,125,75,OPTIMAL,15,15430583,4098026,5084.67,1099.904089
rand_d0.1_m125_n75_s92.txt,0.1,125,75,OPTIMAL,15,4791975,3527390,5084.67,352.380838
rand_d0.1_m125_n75_s93.txt,0.1,125,75,OPTIMAL,15,3414263,839452,5084.67,286.655768
rand_d0.1_m125_n75_s94.txt,0.1,125,75,TIMEOUT,20,20371734,1175160,5084.67,2445.976876
rand_d0.1_m125_n75_s95.txt,0.1,125,75,OPTIMAL,16,4272138,4100270,5084.67,291.985068
rand_d0.1_m125_n75_s96.txt,0.1,125,75,OPTIMAL,16,11832443,1756214,5084.67,950.661311
rand_d0.1_m125_n75_s97.txt,0.1,125,75,OPTIMAL,15,14883625,3170000,5084.67,1045.778015
rand_d0.1_m125_n75_s98.txt,0.1,125,75,OPTIMAL,16,10471040,10196247,5084.67,912.642401
rand_d0.1_m125_n75_s99.txt,0.1,125,75,OPTIMAL,14,922266,289384,5084.67,73.774266
rand_d0.1_m25_n75_s0.txt,0.1,25,75,OPTIMAL,7,573,122,5084.67,0.021268
rand_d0.1_m25_n75_s1.txt,0.1,25,75,OPTIMAL,7,326,315,5084.67,0.011042
rand_d0.1_m25_n75_s10.txt,0.1,25,75,OPTIMAL,8,5268,818,5084.67,0.224195
rand_d0.1_m25_n75_s11.txt,0.1,25,75,OPTIMAL,9,25891,15107,5084.67,0.755997
rand_d0.1_m25_n75_s12.txt,0.1,25,75,OPTIMAL,7,99,88,5084.67,0.00443
rand_d0.1_m25_n75_s13.txt,0.1,25,75,OPTIMAL,8,991,843,5084.67,0.034086
rand_d0.1_m25_n75_s14.txt,0.1,25,75,OPTIMAL,7,132,127,5084.67,0.007157
rand_d0.1_m25_n75_s15.txt,0.1,25,75,OPTIMAL,8,2354,1602,5084.67,0.112909
rand_d0.1_m25_n75_s16.txt,0.1,25,75,OPTIMAL,7,127,126,5084.67,0.006464
rand_d0.1_m25_n75_s17.txt,0.1,25,75,OPTIMAL,7,1810,1545,5084.67,0.083329
rand_d0.1_m25_n75_s18.txt,0.1,25,75,OPTIMAL,8,6321,1333,5084.67,0.254542
rand_d0.1_m25_n75_s19.txt,0.1,25,75,OPTIMAL,7,131,94,5084.67,0.006384
rand_d0.1_m25_n75_s2.txt,0.1,25,75,OPTIMAL,8,6677,5570,5084.67,0.229583
rand_d0.1_m25_n75_s3.txt,0.1,25,75,OPTIMAL,7,9505,8390,5084.67,0.363319
rand_d0.1_m25_n75_s4.txt,0.1,25,75,OPTIMAL,8,154,155,5084.67,0.011137
rand_d0.1_m25_n75_s5.txt,0.1,25,75,OPTIMAL,6,3034,690,5084.67,0.11171
rand_d0.1_m25_n75_s6.txt,0.1,25,75,OPTIMAL,7,483,466,5084.67,0.024442
rand_d0.1_m25_n75_s7.txt,0.1,25,75,OPTIMAL,7,166,152,5084.67,0.008339
rand_d0.1_m25_n75_s8.txt,0.1,25,75,OPTIMAL,8,757,572,5084.67,0.044821
rand_d0.1_m25_n75_s9.txt,0.1,25,75,OPTIMAL,7,32596,23024,5084.67,0.935583
rand_d0.1_m50_n75_s20.txt,0.1,50,75,OPTIMAL,10,36173,25149,5084.67,2.367941
rand_d0.1_m50_n75_s21.txt,0.1,50,75,OPTIMAL,11,408781,104197,5084.67,23.553273
rand_d0.1_m50_n75_s22.txt,0.1,50,75,OPTIMAL,11,155289,137270,5084.67,10.018962
rand_d0.1_m50_n75_s23.txt,0.1,50,75,OPTIMAL,10,72336,50644,5084.67,3.85324
rand_d0.1_m50_n75_s24.txt,0.1,50,75,OPTIMAL,10,11308,11087,5084.67,0.693755
rand_d0.1_m50_n75_s25.txt,0.1,50,75,OPTIMAL,9,23234,22790,5084.67,1.486876
rand_d0.1_m50_n75_s26.txt,0.1,50,75,OPTIMAL,10,66701,56865,5084.67,4.195468
rand_d0.1_m50_n75_s27.txt,0.1,50,75,OPTIMAL,11,295566,234179,5084.67,19.885676
rand_d0.1_m50_n75_s28.txt,0.1,50,75,OPTIMAL,11,201919,41456,5084.67,9.874318
rand_d0.1_m50_n75_s29.txt,0.1,50,75,OPTIMAL,10,223941,48665,5084.67,12.648084
rand_d0.1_m50_n75_s30.txt,0.1,50,75,OPTIMAL,11,317921,77067,5084.67,19.605252
rand_d0.1_m50_n75_s31.txt,0.1,50,75,OPTIMAL,10,77629,72676,5084.67,4.897526
rand_d0.1_m50_n75_s32.txt,0.1,50,75,OPTIMAL,11,120338,105418,5084.67,7.347337
rand_d0.1_m50_n75_s33.txt,0.1,50,75,OPTIMAL,11,472753,419763,5084.67,26.452276
rand_d0.1_m50_n75_s34.txt,0.1,50,75,OPTIMAL,11,161916,41825,5084.67,10.238272
rand_d0.1_m50_n75_s35.txt,0.1,50,75,OPTIMAL,10,52790,48705,5084.67,2.494899
rand_d0.1_m50_n75_s36.txt,0.1,50,75,OPTIMAL,11,55305,40547,5084.67,3.448707
rand_d0.1_m50_n75_s37.txt,0.1,50,75,OPTIMAL,10,13934,12482,5084.67,1.018922
rand_d0.1_m50_n75_s38.txt,0.1,50,75,OPTIMAL,11,62097,55410,5084.67,4.397173
rand_d0.1_m50_n75_s39.txt,0.1,50,75,OPTIMAL,10,4770,4545,5084.67,0.284617
rand_d0.1_m75_n100_s340.txt,0.1,75,100,OPTIMAL,11,3855335,3349739,5084.67,303.597458
rand_d0.1_m75_n100_s341.txt,0.1,75,100,TIMEOUT,12,28336952,22482105,5084.67,1803.241563
rand_d0.1_m75_n100_s342.txt,0.1,75,100,OPTIMAL,12,10099934,1852949,5084.67,873.441952
rand_d0.1_m75_n100_s343.txt,0.1,75,100,OPTIMAL,11,12429199,1617448,5084.67,960.96646
rand_d0.1_m75_n100_s344.txt,0.1,75,100,OPTIMAL,11,14503395,11220009,5084.67,1045.37755
rand_d0.1_m75_n100_s345.txt,0.1,75,100,OPTIMAL,12,7292110,7169702,5084.67,554.854838
rand_d0.1_m75_n100_s346.txt,0.1,75,100,OPTIMAL,11,5582581,630909,5084.67,394.218011
rand_d0.1_m75_n100_s347.txt,0.1,75,100,OPTIMAL,12,24737928,16129556,5084.67,1703.904884
rand_d0.1_m75_n100_s348.txt,0.1,75,100,OPTIMAL,10,91728,90057,5084.67,6.98632
rand_d0.1_m75_n100_s349.txt,0.1,75,100,TIMEOUT,13,23655927,21247564,5084.67,1801.337469
rand_d0.1_m75_n100_s350.txt,0.1,75,100,OPTIMAL,11,2633254,2581536,5084.67,177.458104
rand_d0.1_m75_n100_s351.txt,0.1,75,100,OPTIMAL,12,11207798,2038686,5084.67,826.933405
rand_d0.1_m75_n100_s352.txt,0.1,75,100,OPTIMAL,12,7336073,1671185,5084.67,658.297519
rand_d0.1_m75_n100_s353.txt,0.1,75,100,OPTIMAL,12,14770675,14293008,5084.67,1090.290633
rand_d0.1_m75_n100_s354.txt,0.1,75,100,OPTIMAL,11,4587652,4519970,5084.67,310.034426
rand_d0.1_m75_n100_s355.txt,0.1,75,100,OPTIMAL,11,6676740,6280053,5084.67,478.255739
rand_d0.1_m75_n100_s356.txt,0.1,75,100,OPTIMAL,12,12229449,7704651,5084.67,918.856488
rand_d0.1_m75_n100_s357.txt,0.1,75,100,TIMEOUT,13,21611515,14367119,5084.67,1804.262264
rand_d0.1_m75_n100_s358.txt,0.1,75,100,OPTIMAL,10,578522,129854,5084.67,48.863107
rand_d0.1_m75_n100_s359.txt,0.1,75,100,OPTIMAL,12,2859262,663249,5084.67,232.779455
rand_d0.1_m75_n125_s360.txt,0.1,75,125,TIMEOUT,14,18635906,2163367,5084.67,1826.298838
rand_d0.1_m75_n125_s361.txt,0.1,75,125,TIMEOUT,12,23317012,5621261,5112.09,1814.62688
rand_d0.1_m75_n125_s362.txt,0.1,75,125,TIMEOUT,13,21536624,1492806,5132.53,2213.758895
rand_d0.1_m75_n125_s363.txt,0.1,75,125,TIMEOUT,12,21712715,12810012,5132.53,1804.315207
rand_d0.1_m75_n125_s364.txt,0.1,75,125,TIMEOUT,13,24338825,5164148,5155.68,1905.512457
rand_d0.1_m75_n125_s365.txt,0.1,75,125,TIMEOUT,12,23697615,6341212,5155.68,1822.025612
rand_d0.1_m75_n125_s366.txt,0.1,75,125,OPTIMAL,10,8938577,8774776,5155.68,542.716926
rand_d0.1_m75_n125_s367.txt,0.1,75,125,TIMEOUT,14,21347997,1129625,5155.68,2244.282548
rand_d0.1_m75_n125_s368.txt,0.1,75,125,TIMEOUT,12,24701743,10307516,5155.68,1806.848103
rand_d0.1_m75_n125_s369.txt,0.1,75,125,TIMEOUT,12,24499618,5601539,5214.76,1931.958947
rand_d0.1_m75_n125_s370.txt,0.1,75,125,TIMEOUT,13,21823577,1394205,5214.76,2262.149775
rand_d0.1_m75_n125_s371.txt,0.1,75,125,TIMEOUT,13,24364176,3645219,5214.76,2260.197842
rand_d0.1_m75_n125_s372.txt,0.1,75,125,TIMEOUT,14,22374334,1323440,5214.76,2521.884691
rand_d0.1_m75_n125_s373.txt,0.1,75,125,TIMEOUT,12,24324540,6225586,5214.76,1841.120153
rand_d0.1_m75_n125_s374.txt,0.1,75,125,TIMEOUT,12,25508997,7250268,5214.76,1866.480615
rand_d0.1_m75_n125_s375.txt,0.1,75,125,TIMEOUT,12,24006954,4856104,5214.76,1981.15996
rand_d0.1_m75_n125_s376.txt,0.1,75,125,TIMEOUT,13,21322953,5557043,5214.76,1810.645101
rand_d0.1_m75_n125_s377.txt,0.1,75,125,TIMEOUT,12,22519423,18795850,5214.76,1802.078677
rand_d0.1_m75_n125_s378.txt,0.1,75,125,TIMEOUT,12,24385675,6086519,5214.76,1835.389852
rand_d0.1_m75_n125_s379.txt,0.1,75,125,TIMEOUT,12,26341982,10769992,5214.76,1807.535793
rand_d0.1_m75_n25_s300.txt,0.1,75,25,OPTIMAL,16,84,85,5214.76,0.00316
rand_d0.1_m75_n25_s301.txt,0.1,75,25,OPTIMAL,16,129,122,5214.76,0.004716
rand_d0.1_m75_n25_s302.txt,0.1,75,25,OPTIMAL,16,96,87,5214.76,0.002768
rand_d0.1_m75_n25_s303.txt,0.1,75,25,OPTIMAL,16,75,49,5214.76,0.002057
rand_d0.1_m75_n25_s304.txt,0.1,75,25,OPTIMAL,15,309,176,5214.76,0.004878
rand_d0.1_m75_n25_s305.txt,0.1,75,25,OPTIMAL,18,49,50,5214.76,0.001985
rand_d0.1_m75_n25_s306.txt,0.1,75,25,OPTIMAL,17,202,162,5214.76,0.004844
rand_d0.1_m75_n25_s307.txt,0.1,75,25,OPTIMAL,18,134,99,5214.76,0.003145
rand_d0.1_m75_n25_s308.txt,0.1,75,25,OPTIMAL,18,133,118,5214.76,0.003691
rand_d0.1_m75_n25_s309.txt,0.1,75,25,OPTIMAL,13,91,67,5214.76,0.002073
rand_d0.1_m75_n25_s310.txt,0.1,75,25,OPTIMAL,17,111,103,5214.76,0.003428
rand_d0.1_m75_n25_s311.txt,0.1,75,25,OPTIMAL,16,53,38,5214.76,0.001289
rand_d0.1_m75_n25_s312.txt,0.1,75,25,OPTIMAL,18,31,32,5214.76,0.001483
rand_d0.1_m75_n25_s313.txt,0.1,75,25,OPTIMAL,15,15,16,5214.76,0.000851
rand_d0.1_m75_n25_s314.txt,0.1,75,25,OPTIMAL,16,27,25,5214.76,0.001395
rand_d0.1_m75_n25_s315.txt,0.1,75,25,OPTIMAL,15,68,55,5214.76,0.001608
rand_d0.1_m75_n25_s316.txt,0.1,75,25,OPTIMAL,18,42,33,5214.76,0.001418
rand_d0.1_m75_n25_s317.txt,0.1,75,25,OPTIMAL,17,91,85,5214.76,0.00311
rand_d0.1_m75_n25_s318.txt,0.1,75,25,OPTIMAL,18,109,106,5214.76,0.003544
rand_d0.1_m75_n25_s319.txt,0.1,75,25,OPTIMAL,17,202,192,5214.76,0.005334
rand_d0.1_m75_n50_s320.txt,0.1,75,50,OPTIMAL,14,3172,978,5214.76,0.212697
rand_d0.1_m75_n50_s321.txt,0.1,75,50,OPTIMAL,14,14021,8898,5214.76,0.76076
rand_d0.1_m75_n50_s322.txt,0.1,75,50,OPTIMAL,14,10783,9768,5214.76,0.555622
rand_d0.1_m75_n50_s323.txt,0.1,75,50,OPTIMAL,14,40594,5485,5214.76,2.196474
rand_d0.1_m75_n50_s324.txt,0.1,75,50,OPTIMAL,14,75629,59764,5214.76,3.072009
rand_d0.1_m75_n50_s325.txt,0.1,75,50,OPTIMAL,13,28748,9206,5214.76,1.291606
rand_d0.1_m75_n50_s326.txt,0.1,75,50,OPTIMAL,14,3089,1084,5214.76,0.184382
rand_d0.1_m75_n50_s327.txt,0.1,75,50,OPTIMAL,13,34708,29436,5214.76,1.406174
rand_d0.1_m75_n50_s328.txt,0.1,75,50,OPTIMAL,14,21750,6262,5214.76,1.087431
rand_d0.1_m75_n50_s329.txt,0.1,75,50,OPTIMAL,16,299639,144743,5214.76,11.356722
rand_d0.1_m75_n50_s330.txt,0.1,75,50,OPTIMAL,13,770,696,5214.76,0.025315
rand_d0.1_m75_n50_s331.txt,0.1,75,50,OPTIMAL,13,53711,13967,5214.76,1.778521
rand_d0.1_m75_n50_s332.txt,0.1,75,50,OPTIMAL,13,54612,46802,5214.76,2.069638
rand_d0.1_m75_n50_s333.txt,0.1,75,50,OPTIMAL,13,32446,26842,5214.76,1.638586
rand_d0.1_m75_n50_s334.txt,0.1,75,50,OPTIMAL,14,10680,2989,5214.76,0.560208
rand_d0.1_m75_n50_s335.txt,0.1,75,50,OPTIMAL,14,13421,5120,5214.76,0.788215
rand_d0.1_m75_n50_s336.txt,0.1,75,50,OPTIMAL,15,14023,5473,5214.76,0.707131
rand_d0.1_m75_n50_s337.txt,0.1,75,50,OPTIMAL,16,861,347,5214.76,0.05214
rand_d0.1_m75_n50_s338.txt,0.1,75,50,OPTIMAL,15,5319,3254,5214.76,0.302752
rand_d0.1_m75_n50_s339.txt,0.1,75,50,OPTIMAL,14,10861,5146,5214.76,0.528738
rand_d0.1_m75_n75_s40.txt,0.1,75,75,OPTIMAL,13,756978,662063,5214.76,41.941662
rand_d0.1_m75_n75_s41.txt,0.1,75,75,OPTIMAL,11,261041,249053,5214.76,13.811962
rand_d0.1_m75_n75_s42.txt,0.1,75,75,OPTIMAL,13,3358599,2424504,5214.76,180.596865
rand_d0.1_m75_n75_s43.txt,0.1,75,75,OPTIMAL,12,93035,82257,5214.76,4.892504
rand_d0.1_m75_n75_s44.txt,0.1,75,75,OPTIMAL,12,1597661,1105949,5214.76,91.122155
rand_d0.1_m75_n75_s45.txt,0.1,75,75,OPTIMAL,12,66435,10535,5214.76,4.408595
rand_d0.1_m75_n75_s46.txt,0.1,75,75,OPTIMAL,13,618874,612143,5214.76,37.64321
rand_d0.1_m75_n75_s47.txt,0.1,75,75,OPTIMAL,13,199821,189193,5214.76,13.784211
rand_d0.1_m75_n75_s48.txt,0.1,75,75,OPTIMAL,13,1521921,336811,5214.76,64.189566
rand_d0.1_m75_n75_s49.txt,0.1,75,75,OPTIMAL,13,892005,864052,5214.76,49.709228
rand_d0.1_m75_n75_s50.txt,0.1,75,75,OPTIMAL,12,513404,175454,5214.76,28.169512
rand_d0.1_m75_n75_s51.txt,0.1,75,75,OPTIMAL,12,539409,131748,5214.76,31.610005
rand_d0.1_m75_n75_s52.txt,0.1,75,75,OPTIMAL,13,757377,666748,5214.76,49.154418
rand_d0.1_m75_n75_s53.txt,0.1,75,75,OPTIMAL,12,196898,45273,5214.76,12.661367
rand_d0.1_m75_n75_s54.txt,0.1,75,75,OPTIMAL,12,1722111,1674007,5214.76,93.341674
rand_d0.1_m75_n75_s55.txt,0.1,75,75,OPTIMAL,12,191579,181050,5214.76,10.750026
rand_d0.1_m75_n75_s56.txt,0.1,75,75,OPTIMAL,12,645635,512130,5214.76,41.102826
rand_d0.1_m75_n75_s57.txt,0.1,75,75,OPTIMAL,12,201670,186082,5214.76,10.618359
rand_d0.1_m75_n75_s58.txt,0.1,75,75,OPTIMAL,13,1765234,542511,5214.76,97.853649
rand_d0.1_m75_n75_s59.txt,0.1,75,75,OPTIMAL,13,22883,3689,5214.76,2.057909
rand_d0.3_m100_n75_s160.txt,0.3,100,75,OPTIMAL,6,1597511,904787,5214.76,29.148011
rand_d0.3_m100_n75_s161.txt,0.3,100,75,OPTIMAL,6,895311,894373,5214.76,13.5553
rand_d0.3_m100_n75_s162.txt,0.3,100,75,OPTIMAL,6,416802,416364,5214.76,7.268532
rand_d0.3_m100_n75_s163.txt,0.3,100,75,OPTIMAL,6,843610,842476,5214.76,12.737118
rand_d0.3_m100_n75_s164.txt,0.3,100,75,OPTIMAL,6,797025,796242,5214.76,12.632063
rand_d0.3_m100_n75_s165.txt,0.3,100,75,OPTIMAL,6,1306326,738091,5214.76,24.031075
rand_d0.3_m100_n75_s166.txt,0.3,100,75,OPTIMAL,6,1305688,715089,5214.76,24.05012
rand_d0.3_m100_n75_s167.txt,0.3,100,75,OPTIMAL,6,2743974,2090583,5214.76,46.548636
rand_d0.3_m100_n75_s168.txt,0.3,100,75,OPTIMAL,6,1162921,1160923,5214.76,17.276129
rand_d0.3_m100_n75_s169.txt,0.3,100,75,OPTIMAL,6,746872,746195,5214.76,12.126991
rand_d0.3_m100_n75_s170.txt,0.3,100,75,OPTIMAL,6,627836,627079,5214.76,10.528486
rand_d0.3_m100_n75_s171.txt,0.3,100,75,OPTIMAL,6,763348,762714,5214.76,11.842881
rand_d0.3_m100_n75_s172.txt,0.3,100,75,OPTIMAL,6,1825509,1030206,5214.76,32.878173
rand_d0.3_m100_n75_s173.txt,0.3,100,75,OPTIMAL,6,1114028,1112289,5214.76,16.598708
rand_d0.3_m100_n75_s174.txt,0.3,100,75,OPTIMAL,6,1967791,1184324,5214.76,35.366456
rand_d0.3_m100_n75_s175.txt,0.3,100,75,OPTIMAL,6,1346355,738782,5214.76,24.28272
rand_d0.3_m100_n75_s176.txt,0.3,100,75,OPTIMAL,5,321038,250344,5214.76,5.217882
rand_d0.3_m100_n75_s177.txt,0.3,100,75,OPTIMAL,6,831175,830594,5214.76,12.981205
rand_d0.3_m100_n75_s178.txt,0.3,100,75,OPTIMAL,6,1191612,1190546,5214.76,18.3339
rand_d0.3_m100_n75_s179.txt,0.3,100,75,OPTIMAL,5,225911,192282,5214.76,4.154754
rand_d0.3_m125_n75_s180.txt,0.3,125,75,OPTIMAL,6,770955,770886,5214.76,12.508727
rand_d0.3_m125_n75_s181.txt,0.3,125,75,OPTIMAL,6,1087528,1087395,5214.76,16.542302
rand_d0.3_m125_n75_s182.txt,0.3,125,75,OPTIMAL,6,1187727,1187498,5214.76,18.243321
rand_d0.3_m125_n75_s183.txt,0.3,125,75,OPTIMAL,6,738767,738653,5214.76,12.30846
rand_d0.3_m125_n75_s184.txt,0.3,125,75,OPTIMAL,6,801849,801764,5214.76,13.252936
rand_d0.3_m125_n75_s185.txt,0.3,125,75,OPTIMAL,6,881682,881381,5214.76,14.078254
rand_d0.3_m125_n75_s186.txt,0.3,125,75,OPTIMAL,6,2541763,2010121,5214.76,46.551456
rand_d0.3_m125_n75_s187.txt,0.3,125,75,OPTIMAL,6,3169960,3137632,5214.76,57.904917
rand_d0.3_m125_n75_s188.txt,0.3,125,75,OPTIMAL,6,809119,808987,5214.76,12.946704
rand_d0.3_m125_n75_s189.txt,0.3,125,75,OPTIMAL,6,4265125,4201322,5214.76,75.454729
rand_d0.3_m125_n75_s190.txt,0.3,125,75,OPTIMAL,6,1062451,1062244,5214.76,16.367946
rand_d0.3_m125_n75_s191.txt,0.3,125,75,OPTIMAL,6,843881,479356,5214.76,17.091161
rand_d0.3_m125_n75_s192.txt,0.3,125,75,OPTIMAL,7,7700004,7681656,5214.76,126.968356
rand_d0.3_m125_n75_s193.txt,0.3,125,75,OPTIMAL,7,5945874,5929139,5214.76,101.729858
rand_d0.3_m125_n75_s194.txt,0.3,125,75,OPTIMAL,6,2318674,1805771,5214.76,41.448681
rand_d0.3_m125_n75_s195.txt,0.3,125,75,OPTIMAL,6,2016125,1418042,5214.76,35.274812
rand_d0.3_m125_n75_s196.txt,0.3,125,75,OPTIMAL,6,2221437,1734702,5214.76,38.353668
rand_d0.3_m125_n75_s197.txt,0.3,125,75,OPTIMAL,6,1849810,1046762,5214.76,34.561552
rand_d0.3_m125_n75_s198.txt,0.3,125,75,OPTIMAL,6,696517,696320,5214.76,11.159222
rand_d0.3_m125_n75_s199.txt,0.3,125,75,OPTIMAL,6,2482482,1883332,5214.76,43.97252
rand_d0.3_m25_n75_s100.txt,0.3,25,75,OPTIMAL,4,6121,6050,5214.76,0.078267
rand_d0.3_m25_n75_s101.txt,0.3,25,75,OPTIMAL,4,5721,5668,5214.76,0.076529
rand_d0.3_m25_n75_s102.txt,0.3,25,75,OPTIMAL,4,3388,3346,5214.76,0.048734
rand_d0.3_m25_n75_s103.txt,0.3,25,75,OPTIMAL,4,5020,4893,5214.76,0.080323
rand_d0.3_m25_n75_s104.txt,0.3,25,75,OPTIMAL,4,10144,10049,5214.76,0.13934
rand_d0.3_m25_n75_s105.txt,0.3,25,75,OPTIMAL,3,805,806,5214.76,0.012956
rand_d0.3_m25_n75_s106.txt,0.3,25,75,OPTIMAL,3,1625,1297,5214.76,0.029329
rand_d0.3_m25_n75_s107.txt,0.3,25,75,OPTIMAL,4,4275,4238,5214.76,0.064909
rand_d0.3_m25_n75_s108.txt,0.3,25,75,OPTIMAL,4,7254,7152,5214.76,0.106166
rand_d0.3_m25_n75_s109.txt,0.3,25,75,OPTIMAL,3,5913,5610,5214.76,0.078014
rand_d0.3_m25_n75_s110.txt,0.3,25,75,OPTIMAL,3,2768,2533,5214.76,0.039187
rand_d0.3_m25_n75_s111.txt,0.3,25,75,OPTIMAL,3,8429,8285,5214.76,0.110745
rand_d0.3_m25_n75_s112.txt,0.3,25,75,OPTIMAL,4,4928,4858,5214.76,0.070345
rand_d0.3_m25_n75_s113.txt,0.3,25,75,OPTIMAL,3,379,380,5214.76,0.005653
rand_d0.3_m25_n75_s114.txt,0.3,25,75,OPTIMAL,4,7115,6968,5214.76,0.097991
rand_d0.3_m25_n75_s115.txt,0.3,25,75,OPTIMAL,4,5787,5666,5214.76,0.082293
rand_d0.3_m25_n75_s116.txt,0.3,25,75,OPTIMAL,3,901,576,5214.76,0.01671
rand_d0.3_m25_n75_s117.txt,0.3,25,75,OPTIMAL,4,9331,9249,5214.76,0.122242
rand_d0.3_m25_n75_s118.txt,0.3,25,75,OPTIMAL,3,4375,3738,5214.76,0.064475
rand_d0.3_m25_n75_s119.txt,0.3,25,75,OPTIMAL,4,7534,7356,5214.76,0.095221
rand_d0.3_m50_n75_s120.txt,0.3,50,75,OPTIMAL,4,17935,10807,5214.76,0.314052
rand_d0.3_m50_n75_s121.txt,0.3,50,75,OPTIMAL,4,51135,45489,5214.76,0.847926
rand_d0.3_m50_n75_s122.txt,0.3,50,75,OPTIMAL,4,11520,6582,5214.76,0.218725
rand_d0.3_m50_n75_s123.txt,0.3,50,75,OPTIMAL,4,39599,34230,5214.76,0.664515
rand_d0.3_m50_n75_s124.txt,0.3,50,75,OPTIMAL,4,7269,7270,5214.76,0.130449
rand_d0.3_m50_n75_s125.txt,0.3,50,75,OPTIMAL,5,151914,150892,5214.76,2.147073
rand_d0.3_m50_n75_s126.txt,0.3,50,75,OPTIMAL,4,7523,7524,5214.76,0.125737
rand_d0.3_m50_n75_s127.txt,0.3,50,75,OPTIMAL,4,38233,31301,5214.76,0.620954
rand_d0.3_m50_n75_s128.txt,0.3,50,75,OPTIMAL,4,43216,36667,5214.76,0.69461
rand_d0.3_m50_n75_s129.txt,0.3,50,75,OPTIMAL,4,76962,75917,5214.76,1.19647
rand_d0.3_m50_n75_s130.txt,0.3,50,75,OPTIMAL,5,105559,104615,5214.76,1.613929
rand_d0.3_m50_n75_s131.txt,0.3,50,75,OPTIMAL,5,99784,99328,5214.76,1.617505
rand_d0.3_m50_n75_s132.txt,0.3,50,75,OPTIMAL,5,42624,42412,5214.76,0.740891
rand_d0.3_m50_n75_s133.txt,0.3,50,75,OPTIMAL,5,91627,91114,5214.76,1.425702
rand_d0.3_m50_n75_s134.txt,0.3,50,75,OPTIMAL,5,189152,98541,5214.76,3.051714
rand_d0.3_m50_n75_s135.txt,0.3,50,75,OPTIMAL,5,114287,113375,5214.76,1.674848
rand_d0.3_m50_n75_s136.txt,0.3,50,75,OPTIMAL,4,96581,94434,5214.76,1.514787
rand_d0.3_m50_n75_s137.txt,0.3,50,75,OPTIMAL,4,79915,77929,5214.76,1.231074
rand_d0.3_m50_n75_s138.txt,0.3,50,75,OPTIMAL,5,108600,108321,5214.76,1.693392
rand_d0.3_m50_n75_s139.txt,0.3,50,75,OPTIMAL,5,102367,102088,5214.76,1.590022
rand_d0.3_m75_n100_s420.txt,0.3,75,100,OPTIMAL,5,358764,358646,5214.76,6.258188
rand_d0.3_m75_n100_s421.txt,0.3,75,100,OPTIMAL,5,553820,553572,5214.76,9.067038
rand_d0.3_m75_n100_s422.txt,0.3,75,100,OPTIMAL,5,1626227,1247804,5214.76,29.083668
rand_d0.3_m75_n100_s423.txt,0.3,75,100,OPTIMAL,5,473876,473722,5214.76,7.864321
rand_d0.3_m75_n100_s424.txt,0.3,75,100,OPTIMAL,5,433369,433203,5214.76,7.455415
rand_d0.3_m75_n100_s425.txt,0.3,75,100,OPTIMAL,5,533565,533399,5214.76,8.702493
rand_d0.3_m75_n100_s426.txt,0.3,75,100,OPTIMAL,5,998730,564434,5214.76,18.447849
rand_d0.3_m75_n100_s427.txt,0.3,75,100,OPTIMAL,5,547307,547097,5214.76,8.928126
rand_d0.3_m75_n100_s428.txt,0.3,75,100,OPTIMAL,5,573373,573156,5214.76,9.851399
rand_d0.3_m75_n100_s429.txt,0.3,75,100,OPTIMAL,5,832799,544113,5214.76,19.387986
rand_d0.3_m75_n100_s430.txt,0.3,75,100,OPTIMAL,5,760662,464722,5214.76,19.285833
rand_d0.3_m75_n100_s431.txt,0.3,75,100,OPTIMAL,5,510359,510093,5214.76,9.438685
rand_d0.3_m75_n100_s432.txt,0.3,75,100,OPTIMAL,5,1174259,780558,5214.76,22.098036
rand_d0.3_m75_n100_s433.txt,0.3,75,100,OPTIMAL,5,279555,279468,5214.76,5.042453
rand_d0.3_m75_n100_s434.txt,0.3,75,100,OPTIMAL,5,1484246,964389,5214.76,26.473684
rand_d0.3_m75_n100_s435.txt,0.3,75,100,OPTIMAL,5,874883,475061,5214.76,16.010507
rand_d0.3_m75_n100_s436.txt,0.3,75,100,OPTIMAL,5,908478,494344,5214.76,16.657439
rand_d0.3_m75_n100_s437.txt,0.3,75,100,OPTIMAL,5,393965,393759,5214.76,6.36973
rand_d0.3_m75_n100_s438.txt,0.3,75,100,OPTIMAL,5,648908,345289,5214.76,12.10597
rand_d0.3_m75_n100_s439.txt,0.3,75,100,OPTIMAL,5,419942,419849,5214.76,6.967261
rand_d0.3_m75_n125_s440.txt,0.3,75,125,OPTIMAL,5,1504283,1503759,5214.76,27.177259
rand_d0.3_m75_n125_s441.txt,0.3,75,125,OPTIMAL,5,3501310,2085082,5214.76,68.303972
rand_d0.3_m75_n125_s442.txt,0.3,75,125,OPTIMAL,5,1333953,1333168,5214.76,24.444048
rand_d0.3_m75_n125_s443.txt,0.3,75,125,OPTIMAL,5,1693012,1692472,5214.76,30.479739
rand_d0.3_m75_n125_s444.txt,0.3,75,125,OPTIMAL,5,1943400,1942937,5214.76,34.512898
rand_d0.3_m75_n125_s445.txt,0.3,75,125,OPTIMAL,5,1533430,1532461,5214.76,28.866088
rand_d0.3_m75_n125_s446.txt,0.3,75,125,OPTIMAL,5,2718843,1523849,5214.76,57.498856
rand_d0.3_m75_n125_s447.txt,0.3,75,125,OPTIMAL,5,1284625,1284024,5214.76,23.599323
rand_d0.3_m75_n125_s448.txt,0.3,75,125,OPTIMAL,5,1653923,1653524,5214.76,29.927162
rand_d0.3_m75_n125_s449.txt,0.3,75,125,OPTIMAL,5,3208407,1736857,5214.76,63.249229
rand_d0.3_m75_n125_s450.txt,0.3,75,125,OPTIMAL,5,12334348,10776730,5214.76,220.301577
rand_d0.3_m75_n125_s451.txt,0.3,75,125,OPTIMAL,5,3620472,2145932,5214.76,70.915187
rand_d0.3_m75_n125_s452.txt,0.3,75,125,OPTIMAL,5,2045811,2044567,5214.76,35.28104
rand_d0.3_m75_n125_s453.txt,0.3,75,125,OPTIMAL,5,1323652,1323318,5214.76,24.063945
rand_d0.3_m75_n125_s454.txt,0.3,75,125,OPTIMAL,5,1755180,1754657,5214.76,31.076255
rand_d0.3_m75_n125_s455.txt,0.3,75,125,OPTIMAL,5,3978101,2182251,5214.76,80.101002
rand_d0.3_m75_n125_s456.txt,0.3,75,125,OPTIMAL,5,2043874,1079486,5214.76,43.304138
rand_d0.3_m75_n125_s457.txt,0.3,75,125,OPTIMAL,5,3130645,1657312,5214.76,62.350783
rand_d0.3_m75_n125_s458.txt,0.3,75,125,OPTIMAL,5,1791995,1791312,5214.76,32.561639
rand_d0.3_m75_n125_s459.txt,0.3,75,125,OPTIMAL,5,1304943,1304430,5214.76,24.364754
rand_d0.3_m75_n25_s380.txt,0.3,75,25,OPTIMAL,7,1092,1064,5214.76,0.016025
rand_d0.3_m75_n25_s381.txt,0.3,75,25,OPTIMAL,6,244,245,5214.76,0.008183
rand_d0.3_m75_n25_s382.txt,0.3,75,25,OPTIMAL,6,176,177,5214.76,0.005173
rand_d0.3_m75_n25_s383.txt,0.3,75,25,OPTIMAL,6,1377,1378,5214.76,0.029598
rand_d0.3_m75_n25_s384.txt,0.3,75,25,OPTIMAL,6,314,314,5214.76,0.006774
rand_d0.3_m75_n25_s385.txt,0.3,75,25,OPTIMAL,6,191,192,5214.76,0.003684
rand_d0.3_m75_n25_s386.txt,0.3,75,25,OPTIMAL,6,3929,3640,5214.76,0.0598
rand_d0.3_m75_n25_s387.txt,0.3,75,25,OPTIMAL,6,685,684,5214.76,0.012337
rand_d0.3_m75_n25_s388.txt,0.3,75,25,OPTIMAL,6,1327,1280,5214.76,0.022304
rand_d0.3_m75_n25_s389.txt,0.3,75,25,OPTIMAL,7,2151,2133,5214.76,0.04125
rand_d0.3_m75_n25_s390.txt,0.3,75,25,OPTIMAL,6,131,132,5214.76,0.00245
rand_d0.3_m75_n25_s391.txt,0.3,75,25,OPTIMAL,6,823,269,5214.76,0.018823
rand_d0.3_m75_n25_s392.txt,0.3,75,25,OPTIMAL,7,1539,1499,5214.76,0.028519
rand_d0.3_m75_n25_s393.txt,0.3,75,25,OPTIMAL,5,137,138,5214.76,0.003356
rand_d0.3_m75_n25_s394.txt,0.3,75,25,OPTIMAL,7,1465,1441,5214.76,0.022074
rand_d0.3_m75_n25_s395.txt,0.3,75,25,OPTIMAL,6,2014,1439,5214.76,0.032867
rand_d0.3_m75_n25_s396.txt,0.3,75,25,OPTIMAL,6,2613,2497,5214.76,0.037249
rand_d0.3_m75_n25_s397.txt,0.3,75,25,OPTIMAL,6,545,542,5214.76,0.007581
rand_d0.3_m75_n25_s398.txt,0.3,75,25,OPTIMAL,6,420,319,5214.76,0.009382
rand_d0.3_m75_n25_s399.txt,0.3,75,25,OPTIMAL,6,538,537,5214.76,0.009176
rand_d0.3_m75_n50_s400.txt,0.3,75,50,OPTIMAL,6,59298,58825,5214.76,0.820082
rand_d0.3_m75_n50_s401.txt,0.3,75,50,OPTIMAL,5,30338,27351,5214.76,0.475717
rand_d0.3_m75_n50_s402.txt,0.3,75,50,OPTIMAL,6,52694,52231,5214.76,0.762128
rand_d0.3_m75_n50_s403.txt,0.3,75,50,OPTIMAL,6,60260,59939,5214.76,0.836017
rand_d0.3_m75_n50_s404.txt,0.3,75,50,OPTIMAL,5,4700,4701,5214.76,0.073786
rand_d0.3_m75_n50_s405.txt,0.3,75,50,OPTIMAL,5,35243,33223,5214.76,0.56873
rand_d0.3_m75_n50_s406.txt,0.3,75,50,OPTIMAL,6,103454,102966,5214.76,1.284479
rand_d0.3_m75_n50_s407.txt,0.3,75,50,OPTIMAL,5,61476,59863,5214.76,0.86039
rand_d0.3_m75_n50_s408.txt,0.3,75,50,OPTIMAL,5,8526,8525,5214.76,0.127491
rand_d0.3_m75_n50_s409.txt,0.3,75,50,OPTIMAL,6,52697,52423,5214.76,0.751467
rand_d0.3_m75_n50_s410.txt,0.3,75,50,OPTIMAL,5,38844,35888,5214.76,0.569068
rand_d0.3_m75_n50_s411.txt,0.3,75,50,OPTIMAL,5,30078,22803,5214.76,0.450064
rand_d0.3_m75_n50_s412.txt,0.3,75,50,OPTIMAL,5,46118,44650,5214.76,0.693271
rand_d0.3_m75_n50_s413.txt,0.3,75,50,OPTIMAL,6,68708,68380,5214.76,0.932792
rand_d0.3_m75_n50_s414.txt,0.3,75,50,OPTIMAL,5,43861,40826,5214.76,0.602503
rand_d0.3_m75_n50_s415.txt,0.3,75,50,OPTIMAL,5,9818,9819,5214.76,0.142327
rand_d0.3_m75_n50_s416.txt,0.3,75,50,OPTIMAL,5,2849,2850,5214.76,0.058371
rand_d0.3_m75_n50_s417.txt,0.3,75,50,OPTIMAL,5,18686,16135,5214.76,0.37363
rand_d0.3_m75_n50_s418.txt,0.3,75,50,OPTIMAL,6,72589,72271,5214.76,1.01543
rand_d0.3_m75_n50_s419.txt,0.3,75,50,OPTIMAL,6,50979,50793,5214.76,0.702938
rand_d0.3_m75_n75_s140.txt,0.3,75,75,OPTIMAL,5,390886,322786,5214.76,6.196404
rand_d0.3_m75_n75_s141.txt,0.3,75,75,OPTIMAL,5,851931,800740,5214.76,12.978781
rand_d0.3_m75_n75_s142.txt,0.3,75,75,OPTIMAL,5,92624,92596,5214.76,1.419933
rand_d0.3_m75_n75_s143.txt,0.3,75,75,OPTIMAL,5,132363,79102,5214.76,2.352979
rand_d0.3_m75_n75_s144.txt,0.3,75,75,OPTIMAL,5,414444,315454,5214.76,6.341892
rand_d0.3_m75_n75_s145.txt,0.3,75,75,OPTIMAL,5,764154,729079,5214.76,11.853752
rand_d0.3_m75_n75_s146.txt,0.3,75,75,OPTIMAL,5,669555,649040,5214.76,10.209696
rand_d0.3_m75_n75_s147.txt,0.3,75,75,OPTIMAL,5,70097,70058,5214.76,1.056219
rand_d0.3_m75_n75_s148.txt,0.3,75,75,OPTIMAL,5,107283,107258,5214.76,1.594775
rand_d0.3_m75_n75_s149.txt,0.3,75,75,OPTIMAL,5,289664,225088,5214.76,4.666436
rand_d0.3_m75_n75_s150.txt,0.3,75,75,OPTIMAL,5,148874,84832,5214.76,2.492867
rand_d0.3_m75_n75_s151.txt,0.3,75,75,OPTIMAL,5,159910,107631,5214.76,2.802671
rand_d0.3_m75_n75_s152.txt,0.3,75,75,OPTIMAL,5,636320,609318,5214.76,10.137312
rand_d0.3_m75_n75_s153.txt,0.3,75,75,OPTIMAL,5,873800,835836,5214.76,13.283848
rand_d0.3_m75_n75_s154.txt,0.3,75,75,OPTIMAL,5,209031,122082,5214.76,3.30546
rand_d0.3_m75_n75_s155.txt,0.3,75,75,OPTIMAL,5,501253,488378,5214.76,8.342793
rand_d0.3_m75_n75_s156.txt,0.3,75,75,OPTIMAL,5,172078,96884,5214.76,2.901016
rand_d0.3_m75_n75_s157.txt,0.3,75,75,OPTIMAL,5,85337,85309,5214.76,1.407924
rand_d0.3_m75_n75_s158.txt,0.3,75,75,OPTIMAL,5,144005,100403,5214.76,2.524281
rand_d0.3_m75_n75_s159.txt,0.3,75,75,OPTIMAL,5,586543,558347,5214.76,9.334937
rand_d0.5_m100_n75_s260.txt,0.5,100,75,OPTIMAL,4,36856,36857,5214.76,0.447222
rand_d0.5_m100_n75_s261.txt,0.5,100,75,OPTIMAL,4,35509,35509,5214.76,0.440124
rand_d0.5_m100_n75_s262.txt,0.5,100,75,OPTIMAL,4,40587,40588,5214.76,0.473852
rand_d0.5_m100_n75_s263.txt,0.5,100,75,OPTIMAL,4,39844,39845,5214.76,0.469974
rand_d0.5_m100_n75_s264.txt,0.5,100,75,OPTIMAL,4,37377,37378,5214.76,0.438859
rand_d0.5_m100_n75_s265.txt,0.5,100,75,OPTIMAL,4,39680,39681,5214.76,0.460018
rand_d0.5_m100_n75_s266.txt,0.5,100,75,OPTIMAL,4,35583,35584,5214.76,0.416544
rand_d0.5_m100_n75_s267.txt,0.5,100,75,OPTIMAL,3,13650,12193,5214.76,0.184324
rand_d0.5_m100_n75_s268.txt,0.5,100,75,OPTIMAL,4,38464,38465,5214.76,0.460674
rand_d0.5_m100_n75_s269.txt,0.5,100,75,OPTIMAL,4,40225,40226,5214.76,0.474811
rand_d0.5_m100_n75_s270.txt,0.5,100,75,OPTIMAL,4,39802,39803,5214.76,0.459861
rand_d0.5_m100_n75_s271.txt,0.5,100,75,OPTIMAL,3,30095,29362,5214.76,0.363102
rand_d0.5_m100_n75_s272.txt,0.5,100,75,OPTIMAL,4,34803,34804,5214.76,0.422887
rand_d0.5_m100_n75_s273.txt,0.5,100,75,OPTIMAL,4,35881,35882,5214.76,0.447264
rand_d0.5_m100_n75_s274.txt,0.5,100,75,OPTIMAL,4,39297,39298,5214.76,0.463585
rand_d0.5_m100_n75_s275.txt,0.5,100,75,OPTIMAL,3,34754,34480,5214.76,0.427279
rand_d0.5_m100_n75_s276.txt,0.5,100,75,OPTIMAL,4,40174,40175,5214.76,0.55216
rand_d0.5_m100_n75_s277.txt,0.5,100,75,OPTIMAL,4,33232,33233,5214.76,0.408579
rand_d0.5_m100_n75_s278.txt,0.5,100,75,OPTIMAL,4,36838,36839,5214.76,0.437953
rand_d0.5_m100_n75_s279.txt,0.5,100,75,OPTIMAL,4,34005,34006,5214.76,0.412146
rand_d0.5_m125_n75_s280.txt,0.5,125,75,OPTIMAL,4,35868,35869,5214.76,0.434525
rand_d0.5_m125_n75_s281.txt,0.5,125,75,OPTIMAL,4,33932,33933,5214.76,0.413397
rand_d0.5_m125_n75_s282.txt,0.5,125,75,OPTIMAL,4,36991,36992,5214.76,0.442872
rand_d0.5_m125_n75_s283.txt,0.5,125,75,OPTIMAL,4,36382,36383,5214.76,0.452396
rand_d0.5_m125_n75_s284.txt,0.5,125,75,OPTIMAL,4,36631,36632,5214.76,0.454162
rand_d0.5_m125_n75_s285.txt,0.5,125,75,OPTIMAL,4,32690,32691,5214.76,0.413763
rand_d0.5_m125_n75_s286.txt,0.5,125,75,OPTIMAL,4,67548,35630,5214.76,0.880478
rand_d0.5_m125_n75_s287.txt,0.5,125,75,OPTIMAL,4,31286,31287,5214.76,0.400369
rand_d0.5_m125_n75_s288.txt,0.5,125,75,OPTIMAL,4,39269,39270,5214.76,0.468075
rand_d0.5_m125_n75_s289.txt,0.5,125,75,OPTIMAL,4,36487,36488,5214.76,0.446454
rand_d0.5_m125_n75_s290.txt,0.5,125,75,OPTIMAL,4,39670,39671,5214.76,0.482598
rand_d0.5_m125_n75_s291.txt,0.5,125,75,OPTIMAL,4,30594,30595,5214.76,0.381948
rand_d0.5_m125_n75_s292.txt,0.5,125,75,OPTIMAL,4,41280,41281,5214.76,0.482814
rand_d0.5_m125_n75_s293.txt,0.5,125,75,OPTIMAL,4,32778,32779,5214.76,0.401161
rand_d0.5_m125_n75_s294.txt,0.5,125,75,OPTIMAL,4,34173,34174,5214.76,0.427165
rand_d0.5_m125_n75_s295.txt,0.5,125,75,OPTIMAL,4,37570,37571,5214.76,0.46351
rand_d0.5_m125_n75_s296.txt,0.5,125,75,OPTIMAL,4,32789,32790,5214.76,0.4037
rand_d0.5_m125_n75_s297.txt,0.5,125,75,OPTIMAL,4,33732,33733,5214.76,0.416256
rand_d0.5_m125_n75_s298.txt,0.5,125,75,OPTIMAL,4,35002,35003,5214.76,0.430906
rand_d0.5_m125_n75_s299.txt,0.5,125,75,OPTIMAL,4,34337,34338,5214.76,0.426414
rand_d0.5_m25_n75_s200.txt,0.5,25,75,OPTIMAL,2,67,68,5214.76,0.00085
rand_d0.5_m25_n75_s201.txt,0.5,25,75,OPTIMAL,2,613,565,5214.76,0.009552
rand_d0.5_m25_n75_s202.txt,0.5,25,75,OPTIMAL,2,456,404,5214.76,0.006396
rand_d0.5_m25_n75_s203.txt,0.5,25,75,OPTIMAL,3,1702,1703,5214.76,0.022187
rand_d0.5_m25_n75_s204.txt,0.5,25,75,OPTIMAL,2,56,57,5214.76,0.000953
rand_d0.5_m25_n75_s205.txt,0.5,25,75,OPTIMAL,2,65,66,5214.76,0.000946
rand_d0.5_m25_n75_s206.txt,0.5,25,75,OPTIMAL,2,56,57,5214.76,0.00087
rand_d0.5_m25_n75_s207.txt,0.5,25,75,OPTIMAL,3,1552,1552,5214.76,0.025176
rand_d0.5_m25_n75_s208.txt,0.5,25,75,OPTIMAL,2,43,44,5214.76,0.000984
rand_d0.5_m25_n75_s209.txt,0.5,25,75,OPTIMAL,2,621,574,5214.76,0.008402
rand_d0.5_m25_n75_s210.txt,0.5,25,75,OPTIMAL,2,253,192,5214.76,0.00546
rand_d0.5_m25_n75_s211.txt,0.5,25,75,OPTIMAL,2,48,49,5214.76,0.001351
rand_d0.5_m25_n75_s212.txt,0.5,25,75,OPTIMAL,2,31,32,5214.76,0.001257
rand_d0.5_m25_n75_s213.txt,0.5,25,75,OPTIMAL,2,51,52,5214.76,0.001826
rand_d0.5_m25_n75_s214.txt,0.5,25,75,OPTIMAL,2,61,62,5214.76,0.001838
rand_d0.5_m25_n75_s215.txt,0.5,25,75,OPTIMAL,3,2049,2048,5214.76,0.063331
rand_d0.5_m25_n75_s216.txt,0.5,25,75,OPTIMAL,3,1618,1619,5214.76,0.045798
rand_d0.5_m25_n75_s217.txt,0.5,25,75,OPTIMAL,2,59,60,5214.76,0.001835
rand_d0.5_m25_n75_s218.txt,0.5,25,75,OPTIMAL,2,57,58,5214.76,0.001854
rand_d0.5_m25_n75_s219.txt,0.5,25,75,OPTIMAL,2,57,58,5214.76,0.001955
rand_d0.5_m50_n75_s220.txt,0.5,50,75,OPTIMAL,3,1802,1803,5214.76,0.037441
rand_d0.5_m50_n75_s221.txt,0.5,50,75,OPTIMAL,3,1656,1657,5214.76,0.029421
rand_d0.5_m50_n75_s222.txt,0.5,50,75,OPTIMAL,3,1597,1598,5214.76,0.028913
rand_d0.5_m50_n75_s223.txt,0.5,50,75,OPTIMAL,3,1776,1777,5214.76,0.029996
rand_d0.5_m50_n75_s224.txt,0.5,50,75,OPTIMAL,3,2188,2189,5214.76,0.032216
rand_d0.5_m50_n75_s225.txt,0.5,50,75,OPTIMAL,3,1675,1676,5214.76,0.02467
rand_d0.5_m50_n75_s226.txt,0.5,50,75,OPTIMAL,3,1609,1610,5214.76,0.025404
rand_d0.5_m50_n75_s227.txt,0.5,50,75,OPTIMAL,3,1683,1684,5214.76,0.028448
rand_d0.5_m50_n75_s228.txt,0.5,50,75,OPTIMAL,3,1489,1490,5214.76,0.023686
rand_d0.5_m50_n75_s229.txt,0.5,50,75,OPTIMAL,3,1512,1513,5214.76,0.024926
rand_d0.5_m50_n75_s230.txt,0.5,50,75,OPTIMAL,3,1545,1546,5214.76,0.025445
rand_d0.5_m50_n75_s231.txt,0.5,50,75,OPTIMAL,3,1669,1670,5214.76,0.025646
rand_d0.5_m50_n75_s232.txt,0.5,50,75,OPTIMAL,3,1579,1580,5214.76,0.024888
rand_d0.5_m50_n75_s233.txt,0.5,50,75,OPTIMAL,3,1421,1422,5214.76,0.022857
rand_d0.5_m50_n75_s234.txt,0.5,50,75,OPTIMAL,3,1692,1693,5214.76,0.02718
rand_d0.5_m50_n75_s235.txt,0.5,50,75,OPTIMAL,3,1905,1906,5214.76,0.029043
rand_d0.5_m50_n75_s236.txt,0.5,50,75,OPTIMAL,3,1635,1636,5214.76,0.024283
rand_d0.5_m50_n75_s237.txt,0.5,50,75,OPTIMAL,3,3493,1877,5214.76,0.060609
rand_d0.5_m50_n75_s238.txt,0.5,50,75,OPTIMAL,3,1278,1279,5214.76,0.020798
rand_d0.5_m50_n75_s239.txt,0.5,50,75,OPTIMAL,3,1629,1630,5214.76,0.027392
rand_d0.5_m75_n100_s500.txt,0.5,75,100,OPTIMAL,3,30151,27111,5214.76,0.481319
rand_d0.5_m75_n100_s501.txt,0.5,75,100,OPTIMAL,3,55543,53512,5214.76,0.811332
rand_d0.5_m75_n100_s502.txt,0.5,75,100,OPTIMAL,3,11587,8799,5214.76,0.200788
rand_d0.5_m75_n100_s503.txt,0.5,75,100,OPTIMAL,3,3346,3347,5214.76,0.064473
rand_d0.5_m75_n100_s504.txt,0.5,75,100,OPTIMAL,3,14554,11335,5214.76,0.240746
rand_d0.5_m75_n100_s505.txt,0.5,75,100,OPTIMAL,3,3236,3237,5214.76,0.056596
rand_d0.5_m75_n100_s506.txt,0.5,75,100,OPTIMAL,3,31332,28449,5214.76,0.497401
rand_d0.5_m75_n100_s507.txt,0.5,75,100,OPTIMAL,3,3050,3051,5214.76,0.048564
rand_d0.5_m75_n100_s508.txt,0.5,75,100,OPTIMAL,3,35079,32388,5214.76,0.568334
rand_d0.5_m75_n100_s509.txt,0.5,75,100,OPTIMAL,3,6732,3594,5214.76,0.128926
rand_d0.5_m75_n100_s510.txt,0.5,75,100,OPTIMAL,3,3231,3232,5214.76,0.058332
rand_d0.5_m75_n100_s511.txt,0.5,75,100,OPTIMAL,3,3463,3464,5214.76,0.060943
rand_d0.5_m75_n100_s512.txt,0.5,75,100,OPTIMAL,3,3626,3627,5214.76,0.068019
rand_d0.5_m75_n100_s513.txt,0.5,75,100,OPTIMAL,3,5840,2983,5214.76,0.113593
rand_d0.5_m75_n100_s514.txt,0.5,75,100,OPTIMAL,3,3284,3285,5214.76,0.059751
rand_d0.5_m75_n100_s515.txt,0.5,75,100,OPTIMAL,3,11655,8420,5214.76,0.200896
rand_d0.5_m75_n100_s516.txt,0.5,75,100,OPTIMAL,3,3671,3672,5214.76,0.058945
rand_d0.5_m75_n100_s517.txt,0.5,75,100,OPTIMAL,3,9701,6705,5214.76,0.178105
rand_d0.5_m75_n100_s518.txt,0.5,75,100,OPTIMAL,3,14142,10851,5214.76,0.233911
rand_d0.5_m75_n100_s519.txt,0.5,75,100,OPTIMAL,3,3563,3564,5214.76,0.058481
rand_d0.5_m75_n125_s520.txt,0.5,75,125,OPTIMAL,3,5336,5337,5214.76,0.104858
rand_d0.5_m75_n125_s521.txt,0.5,75,125,OPTIMAL,3,5636,5637,5214.76,0.103599
rand_d0.5_m75_n125_s522.txt,0.5,75,125,OPTIMAL,3,5810,5811,5214.76,0.112878
rand_d0.5_m75_n125_s523.txt,0.5,75,125,OPTIMAL,3,31912,26541,5214.76,0.579019
rand_d0.5_m75_n125_s524.txt,0.5,75,125,OPTIMAL,3,33233,28060,5214.76,0.602654
rand_d0.5_m75_n125_s525.txt,0.5,75,125,OPTIMAL,3,81168,76707,5214.76,1.358535
rand_d0.5_m75_n125_s526.txt,0.5,75,125,OPTIMAL,3,19950,14352,5214.76,0.394566
rand_d0.5_m75_n125_s527.txt,0.5,75,125,OPTIMAL,3,5986,5987,5214.76,0.108996
rand_d0.5_m75_n125_s528.txt,0.5,75,125,OPTIMAL,3,57457,52752,5214.76,0.982058
rand_d0.5_m75_n125_s529.txt,0.5,75,125,OPTIMAL,3,5720,5721,5214.76,0.098819
rand_d0.5_m75_n125_s530.txt,0.5,75,125,OPTIMAL,3,5197,5198,5214.76,0.099037
rand_d0.5_m75_n125_s531.txt,0.5,75,125,OPTIMAL,3,5494,5495,5214.76,0.10776
rand_d0.5_m75_n125_s532.txt,0.5,75,125,OPTIMAL,3,29164,23853,5214.76,0.537515
rand_d0.5_m75_n125_s533.txt,0.5,75,125,OPTIMAL,3,5959,5960,5214.76,0.106145
rand_d0.5_m75_n125_s534.txt,0.5,75,125,OPTIMAL,3,12632,6985,5214.76,0.253028
rand_d0.5_m75_n125_s535.txt,0.5,75,125,OPTIMAL,3,5575,5576,5214.76,0.107779
rand_d0.5_m75_n125_s536.txt,0.5,75,125,OPTIMAL,3,6114,6115,5214.76,0.113861
rand_d0.5_m75_n125_s537.txt,0.5,75,125,OPTIMAL,3,40660,35346,5214.76,0.715721
rand_d0.5_m75_n125_s538.txt,0.5,75,125,OPTIMAL,3,5368,5369,5214.76,0.096159
rand_d0.5_m75_n125_s539.txt,0.5,75,125,OPTIMAL,3,5587,5588,5214.76,0.107224
rand_d0.5_m75_n25_s460.txt,0.5,75,25,OPTIMAL,4,393,394,5214.76,0.003642
rand_d0.5_m75_n25_s461.txt,0.5,75,25,OPTIMAL,4,497,498,5214.76,0.004544
rand_d0.5_m75_n25_s462.txt,0.5,75,25,OPTIMAL,4,468,469,5214.76,0.004187
rand_d0.5_m75_n25_s463.txt,0.5,75,25,OPTIMAL,4,574,575,5214.76,0.005766
rand_d0.5_m75_n25_s464.txt,0.5,75,25,OPTIMAL,4,444,445,5214.76,0.005546
rand_d0.5_m75_n25_s465.txt,0.5,75,25,OPTIMAL,4,354,355,5214.76,0.004818
rand_d0.5_m75_n25_s466.txt,0.5,75,25,OPTIMAL,4,524,525,5214.76,0.007521
rand_d0.5_m75_n25_s467.txt,0.5,75,25,OPTIMAL,4,935,936,5214.76,0.010076
rand_d0.5_m75_n25_s468.txt,0.5,75,25,OPTIMAL,4,685,686,5214.76,0.008888
rand_d0.5_m75_n25_s469.txt,0.5,75,25,OPTIMAL,4,645,644,5214.76,0.007812
rand_d0.5_m75_n25_s470.txt,0.5,75,25,OPTIMAL,4,891,892,5214.76,0.012341
rand_d0.5_m75_n25_s471.txt,0.5,75,25,OPTIMAL,4,682,683,5214.76,0.008275
rand_d0.5_m75_n25_s472.txt,0.5,75,25,OPTIMAL,4,494,495,5214.76,0.008092
rand_d0.5_m75_n25_s473.txt,0.5,75,25,OPTIMAL,4,717,718,5214.76,0.008808
rand_d0.5_m75_n25_s474.txt,0.5,75,25,OPTIMAL,4,456,457,5214.76,0.006961
rand_d0.5_m75_n25_s475.txt,0.5,75,25,OPTIMAL,4,601,602,5214.76,0.007179
rand_d0.5_m75_n25_s476.txt,0.5,75,25,OPTIMAL,4,471,472,5214.76,0.006698
rand_d0.5_m75_n25_s477.txt,0.5,75,25,OPTIMAL,4,750,751,5214.76,0.008548
rand_d0.5_m75_n25_s478.txt,0.5,75,25,OPTIMAL,4,489,490,5214.76,0.006261
rand_d0.5_m75_n25_s479.txt,0.5,75,25,OPTIMAL,4,1031,645,5214.76,0.014743
rand_d0.5_m75_n50_s480.txt,0.5,75,50,OPTIMAL,3,592,593,5214.76,0.009865
rand_d0.5_m75_n50_s481.txt,0.5,75,50,OPTIMAL,4,9017,9018,5214.76,0.103976
rand_d0.5_m75_n50_s482.txt,0.5,75,50,OPTIMAL,4,8418,8419,5214.76,0.096555
rand_d0.5_m75_n50_s483.txt,0.5,75,50,OPTIMAL,3,590,591,5214.76,0.006851
rand_d0.5_m75_n50_s484.txt,0.5,75,50,OPTIMAL,4,8395,8396,5214.76,0.106837
rand_d0.5_m75_n50_s485.txt,0.5,75,50,OPTIMAL,3,550,551,5214.76,0.006224
rand_d0.5_m75_n50_s486.txt,0.5,75,50,OPTIMAL,4,10180,10181,5214.76,0.116962
rand_d0.5_m75_n50_s487.txt,0.5,75,50,OPTIMAL,4,6628,6629,5214.76,0.081396
rand_d0.5_m75_n50_s488.txt,0.5,75,50,OPTIMAL,4,8430,8430,5214.76,0.094961
rand_d0.5_m75_n50_s489.txt,0.5,75,50,OPTIMAL,4,9520,9521,5214.76,0.10692
rand_d0.5_m75_n50_s490.txt,0.5,75,50,OPTIMAL,4,10186,10187,5214.76,0.194651
rand_d0.5_m75_n50_s491.txt,0.5,75,50,OPTIMAL,4,6886,6886,5214.76,0.078191
rand_d0.5_m75_n50_s492.txt,0.5,75,50,OPTIMAL,4,8165,8165,5214.76,0.093788
rand_d0.5_m75_n50_s493.txt,0.5,75,50,OPTIMAL,3,4781,4368,5214.76,0.05969
rand_d0.5_m75_n50_s494.txt,0.5,75,50,OPTIMAL,4,5470,5471,5214.76,0.06879
rand_d0.5_m75_n50_s495.txt,0.5,75,50,OPTIMAL,4,7902,7902,5214.76,0.093383
rand_d0.5_m75_n50_s496.txt,0.5,75,50,OPTIMAL,3,4573,4160,5214.76,0.056265
rand_d0.5_m75_n50_s497.txt,0.5,75,50,OPTIMAL,4,7471,7472,5214.76,0.088599
rand_d0.5_m75_n50_s498.txt,0.5,75,50,OPTIMAL,3,7077,6894,5214.76,0.083757
rand_d0.5_m75_n50_s499.txt,0.5,75,50,OPTIMAL,4,9534,9535,5214.76,0.100789
rand_d0.5_m75_n75_s240.txt,0.5,75,75,OPTIMAL,3,1443,1444,5214.76,0.019876
rand_d0.5_m75_n75_s241.txt,0.5,75,75,OPTIMAL,3,1574,1575,5214.76,0.028173
rand_d0.5_m75_n75_s242.txt,0.5,75,75,OPTIMAL,3,1537,1538,5214.76,0.028061
rand_d0.5_m75_n75_s243.txt,0.5,75,75,OPTIMAL,4,31968,31968,5214.76,0.412313
rand_d0.5_m75_n75_s244.txt,0.5,75,75,OPTIMAL,3,7664,5950,5214.76,0.107427
rand_d0.5_m75_n75_s245.txt,0.5,75,75,OPTIMAL,3,2032,2033,5214.76,0.028011
rand_d0.5_m75_n75_s246.txt,0.5,75,75,OPTIMAL,3,1900,1901,5214.76,0.029831
rand_d0.5_m75_n75_s247.txt,0.5,75,75,OPTIMAL,3,1810,1811,5214.76,0.032219
rand_d0.5_m75_n75_s248.txt,0.5,75,75,OPTIMAL,3,14198,12814,5214.76,0.206805
rand_d0.5_m75_n75_s249.txt,0.5,75,75,OPTIMAL,3,31337,30963,5214.76,0.388082
rand_d0.5_m75_n75_s250.txt,0.5,75,75,OPTIMAL,3,28672,27898,5214.76,0.355731
rand_d0.5_m75_n75_s251.txt,0.5,75,75,OPTIMAL,3,16477,15125,5214.76,0.217695
rand_d0.5_m75_n75_s252.txt,0.5,75,75,OPTIMAL,3,1606,1607,5214.76,0.02401
rand_d0.5_m75_n75_s253.txt,0.5,75,75,OPTIMAL,3,1568,1569,5214.76,0.022792
rand_d0.5_m75_n75_s254.txt,0.5,75,75,OPTIMAL,3,5049,3689,5214.76,0.083814
rand_d0.5_m75_n75_s255.txt,0.5,75,75,OPTIMAL,3,15561,14062,5214.76,0.211954
rand_d0.5_m75_n75_s256.txt,0.5,75,75,OPTIMAL,3,27419,26631,5214.76,0.349377
rand_d0.5_m75_n75_s257.txt,0.5,75,75,OPTIMAL,3,32801,32416,5214.76,0.405069
rand_d0.5_m75_n75_s258.txt,0.5,75,75,OPTIMAL,3,1771,1772,5214.76,0.022974
rand_d0.5_m75_n75_s259.txt,0.5,75,75,OPTIMAL,3,21348,20570,5214.76,0.280546
